epoch,time,train/box_loss,train/cls_loss,train/dfl_loss,metrics/precision(B),metrics/recall(B),metrics/mAP50(B),metrics/mAP50-95(B),val/box_loss,val/cls_loss,val/dfl_loss,lr/pg0,lr/pg1,lr/pg2,lr/pg3,lr/pg4,lr/pg5,lr/pg6,lr/pg7
1,4275.68,0.81556,3.01622,1.17708,0.36827,0.58943,0.45328,0.36854,0.7033,2.59459,1.08423,0.00999007,0.00333002,0.00999007,0.00333002,0.00999007,0.00333002,0.00999007,0.00333002
2,6652.81,0.83836,2.21587,1.15526,0.49798,0.65838,0.55943,0.45222,0.75798,2.1506,1.12205,0.0198911,0.00663037,0.0198911,0.00663037,0.0198911,0.00663037,0.0198911,0.00663037
3,8724.64,0.88548,2.03562,1.15345,0.42627,0.67386,0.50966,0.39164,0.82616,2.5872,1.13894,0.0296932,0.00989772,0.0296932,0.00989772,0.0296932,0.00989772,0.0296932,0.00989772
4,10698.7,0.93678,1.89891,1.18924,0.50566,0.72505,0.65445,0.50284,0.831,1.74712,1.15009,0.0295545,0.0098515,0.0295545,0.0098515,0.0295545,0.0098515,0.0295545,0.0098515
5,12724.4,0.90612,1.66028,1.16439,0.55336,0.73727,0.67408,0.50379,0.91226,1.64242,1.28432,0.029406,0.009802,0.029406,0.009802,0.029406,0.009802,0.029406,0.009802
6,14756.9,0.86497,1.47442,1.14528,0.6622,0.74903,0.73849,0.59899,0.71395,1.28484,1.06042,0.0292575,0.0097525,0.0292575,0.0097525,0.0292575,0.0097525,0.0292575,0.0097525
7,16768.2,0.8289,1.33895,1.12092,0.59607,0.76726,0.733,0.57762,0.73602,1.23337,1.06027,0.029109,0.009703,0.029109,0.009703,0.029109,0.009703,0.029109,0.009703
8,18787.5,0.81531,1.25265,1.10784,0.71218,0.7702,0.81585,0.66286,0.70845,1.05526,1.0508,0.0289605,0.0096535,0.0289605,0.0096535,0.0289605,0.0096535,0.0289605,0.0096535
9,20777.6,0.79782,1.17491,1.10197,0.76851,0.78867,0.85189,0.69942,0.67214,0.88391,1.0192,0.028812,0.009604,0.028812,0.009604,0.028812,0.009604,0.028812,0.009604
10,22744.3,0.78044,1.1022,1.0886,0.82661,0.78698,0.8857,0.73762,0.67468,0.8296,1.03072,0.0286635,0.0095545,0.0286635,0.0095545,0.0286635,0.0095545,0.0286635,0.0095545
11,24676.4,0.7693,1.05902,1.08689,0.80518,0.78479,0.86235,0.70616,0.67781,0.94756,1.0317,0.028515,0.009505,0.028515,0.009505,0.028515,0.009505,0.028515,0.009505
12,26624.5,0.75983,1.00492,1.08025,0.8395,0.82086,0.91293,0.76472,0.63694,0.74169,0.99597,0.0283665,0.0094555,0.0283665,0.0094555,0.0283665,0.0094555,0.0283665,0.0094555
13,28595.9,0.74487,0.96184,1.07055,0.9058,0.8277,0.93082,0.77832,0.63957,0.66964,1.00263,0.028218,0.009406,0.028218,0.009406,0.028218,0.009406,0.028218,0.009406
14,30558.8,0.73445,0.91182,1.06449,0.85683,0.84122,0.9198,0.78355,0.60497,0.6975,0.97864,0.0280695,0.0093565,0.0280695,0.0093565,0.0280695,0.0093565,0.0280695,0.0093565
15,32499.4,0.70978,0.89989,1.05023,0.86258,0.88839,0.94035,0.79394,0.62232,0.64152,0.99159,0.027921,0.009307,0.027921,0.009307,0.027921,0.009307,0.027921,0.009307
16,34427.3,0.7167,0.88147,1.05516,0.91078,0.82015,0.94064,0.80036,0.59419,0.63676,0.95917,0.0277725,0.0092575,0.0277725,0.0092575,0.0277725,0.0092575,0.0277725,0.0092575
17,36362.9,0.7058,0.85403,1.04708,0.88015,0.89795,0.94788,0.80776,0.61563,0.60373,0.98518,0.027624,0.009208,0.027624,0.009208,0.027624,0.009208,0.027624,0.009208
18,38309.6,0.70015,0.84242,1.04554,0.89215,0.90757,0.95921,0.81945,0.60378,0.58115,0.98367,0.0274755,0.0091585,0.0274755,0.0091585,0.0274755,0.0091585,0.0274755,0.0091585
19,40247.5,0.70101,0.81312,1.04545,0.88381,0.91529,0.96104,0.81984,0.60036,0.55231,0.97351,0.027327,0.009109,0.027327,0.009109,0.027327,0.009109,0.027327,0.009109
20,42175.6,0.69066,0.77629,1.03866,0.93276,0.90604,0.96218,0.82386,0.59737,0.54297,0.97277,0.0271785,0.0090595,0.0271785,0.0090595,0.0271785,0.0090595,0.0271785,0.0090595
21,44114.2,0.67769,0.7581,1.03193,0.90356,0.92075,0.95927,0.82046,0.59871,0.54235,0.96627,0.02703,0.00901,0.02703,0.00901,0.02703,0.00901,0.02703,0.00901
22,46066.4,0.67733,0.76376,1.03321,0.93438,0.89163,0.95789,0.82064,0.5961,0.54596,0.96845,0.0268815,0.0089605,0.0268815,0.0089605,0.0268815,0.0089605,0.0268815,0.0089605
23,48064.8,0.66326,0.72958,1.0269,0.92432,0.90947,0.96325,0.82672,0.59643,0.52996,0.98111,0.026733,0.008911,0.026733,0.008911,0.026733,0.008911,0.026733,0.008911
24,50032.4,0.66846,0.70416,1.0277,0.92777,0.93088,0.96697,0.83547,0.58515,0.49024,0.96754,0.0265845,0.0088615,0.0265845,0.0088615,0.0265845,0.0088615,0.0265845,0.0088615
25,52990.2,0.65818,0.71188,1.02847,0.92607,0.9329,0.973,0.845,0.56974,0.49229,0.95828,0.026436,0.008812,0.026436,0.008812,0.026436,0.008812,0.026436,0.008812
26,55308.3,0.65584,0.6851,1.0219,0.92427,0.94634,0.96983,0.83776,0.58779,0.48244,0.97443,0.0262875,0.0087625,0.0262875,0.0087625,0.0262875,0.0087625,0.0262875,0.0087625
27,57321.8,0.65143,0.69644,1.01977,0.95314,0.93706,0.97522,0.84379,0.57412,0.46419,0.96024,0.026139,0.008713,0.026139,0.008713,0.026139,0.008713,0.026139,0.008713
28,59264.6,0.65022,0.67102,1.01758,0.94252,0.92184,0.97123,0.83268,0.58685,0.48626,0.97391,0.0259905,0.0086635,0.0259905,0.0086635,0.0259905,0.0086635,0.0259905,0.0086635
29,61239.6,0.65148,0.6641,1.01654,0.92752,0.95118,0.97759,0.84955,0.56654,0.44822,0.94462,0.025842,0.008614,0.025842,0.008614,0.025842,0.008614,0.025842,0.008614
30,63208.8,0.635,0.64921,1.01048,0.94118,0.94511,0.97656,0.85121,0.55171,0.4423,0.9434,0.0256935,0.0085645,0.0256935,0.0085645,0.0256935,0.0085645,0.0256935,0.0085645
31,65192.3,0.63811,0.64271,1.01622,0.94477,0.95448,0.97704,0.85135,0.5587,0.42959,0.94501,0.025545,0.008515,0.025545,0.008515,0.025545,0.008515,0.025545,0.008515
32,67167.3,0.6378,0.6328,1.01119,0.95336,0.95234,0.97887,0.84893,0.56819,0.42651,0.95173,0.0253965,0.0084655,0.0253965,0.0084655,0.0253965,0.0084655,0.0253965,0.0084655
33,69146,0.62932,0.62602,1.00325,0.95203,0.95773,0.9739,0.85098,0.56837,0.42616,0.96104,0.025248,0.008416,0.025248,0.008416,0.025248,0.008416,0.025248,0.008416
34,71111.6,0.63006,0.618,1.00834,0.96106,0.94571,0.97885,0.85495,0.55722,0.40505,0.94331,0.0250995,0.0083665,0.0250995,0.0083665,0.0250995,0.0083665,0.0250995,0.0083665
35,73128.8,0.63387,0.62097,1.00497,0.96446,0.95678,0.97783,0.85916,0.55058,0.40842,0.94131,0.024951,0.008317,0.024951,0.008317,0.024951,0.008317,0.024951,0.008317
36,75137,0.62402,0.60407,1.00953,0.95522,0.95999,0.97816,0.85861,0.55901,0.39363,0.94563,0.0248025,0.0082675,0.0248025,0.0082675,0.0248025,0.0082675,0.0248025,0.0082675
37,78091.8,0.61852,0.60626,1.00257,0.96435,0.96021,0.98011,0.85833,0.55706,0.39466,0.94476,0.024654,0.008218,0.024654,0.008218,0.024654,0.008218,0.024654,0.008218
38,80125.6,0.60798,0.58734,0.99383,0.95332,0.96487,0.98034,0.86116,0.5458,0.38814,0.93425,0.0245055,0.0081685,0.0245055,0.0081685,0.0245055,0.0081685,0.0245055,0.0081685
39,82063.2,0.61864,0.5986,1.00182,0.96987,0.95302,0.98158,0.86378,0.53863,0.37998,0.93002,0.024357,0.008119,0.024357,0.008119,0.024357,0.008119,0.024357,0.008119
40,83990.9,0.61214,0.57103,0.99715,0.97063,0.96182,0.98285,0.86515,0.54067,0.36449,0.93719,0.0242085,0.0080695,0.0242085,0.0080695,0.0242085,0.0080695,0.0242085,0.0080695
41,85927.2,0.61166,0.56763,0.998,0.97689,0.94649,0.98167,0.87143,0.53126,0.37062,0.92302,0.02406,0.00802,0.02406,0.00802,0.02406,0.00802,0.02406,0.00802
42,88204.8,0.60972,0.57001,0.99636,0.96391,0.96133,0.98169,0.86613,0.53746,0.37579,0.93512,0.0239115,0.0079705,0.0239115,0.0079705,0.0239115,0.0079705,0.0239115,0.0079705
43,90236.3,0.60535,0.56995,0.99602,0.97382,0.95459,0.98225,0.86089,0.54013,0.37003,0.93169,0.023763,0.007921,0.023763,0.007921,0.023763,0.007921,0.023763,0.007921
44,92250.6,0.59608,0.55272,0.98408,0.96041,0.97004,0.97902,0.8609,0.55281,0.35951,0.9416,0.0236145,0.0078715,0.0236145,0.0078715,0.0236145,0.0078715,0.0236145,0.0078715
45,94212.3,0.60465,0.56781,0.99928,0.96037,0.96252,0.97889,0.86071,0.53025,0.38018,0.9313,0.023466,0.007822,0.023466,0.007822,0.023466,0.007822,0.023466,0.007822
46,96156.4,0.5979,0.55145,0.98938,0.95895,0.96487,0.98337,0.86542,0.53765,0.3667,0.9321,0.0233175,0.0077725,0.0233175,0.0077725,0.0233175,0.0077725,0.0233175,0.0077725
47,98093.6,0.59089,0.54382,0.98678,0.96739,0.9614,0.98394,0.87025,0.52917,0.35546,0.92542,0.023169,0.007723,0.023169,0.007723,0.023169,0.007723,0.023169,0.007723
48,100026,0.59218,0.53482,0.98463,0.95475,0.96392,0.9822,0.86325,0.53382,0.36094,0.92985,0.0230205,0.0076735,0.0230205,0.0076735,0.0230205,0.0076735,0.0230205,0.0076735
49,101975,0.59693,0.53779,0.99124,0.97318,0.95617,0.9801,0.86828,0.53383,0.36041,0.93099,0.022872,0.007624,0.022872,0.007624,0.022872,0.007624,0.022872,0.007624
50,103925,0.59117,0.53385,0.98102,0.95479,0.96699,0.98231,0.86731,0.5269,0.35638,0.92324,0.0227235,0.0075745,0.0227235,0.0075745,0.0227235,0.0075745,0.0227235,0.0075745
51,105875,0.59219,0.5269,0.98597,0.97229,0.96612,0.98372,0.86813,0.53051,0.35166,0.93067,0.022575,0.007525,0.022575,0.007525,0.022575,0.007525,0.022575,0.007525
52,107820,0.59437,0.52747,0.99223,0.9735,0.96398,0.98375,0.86655,0.53282,0.34092,0.92418,0.0224265,0.0074755,0.0224265,0.0074755,0.0224265,0.0074755,0.0224265,0.0074755
53,110169,0.58663,0.52031,0.98394,0.96958,0.95783,0.98326,0.87129,0.5197,0.35829,0.92436,0.022278,0.007426,0.022278,0.007426,0.022278,0.007426,0.022278,0.007426
54,112094,0.58275,0.51929,0.98571,0.98186,0.9647,0.98506,0.86945,0.52917,0.33626,0.92629,0.0221295,0.0073765,0.0221295,0.0073765,0.0221295,0.0073765,0.0221295,0.0073765
55,114038,0.57575,0.52243,0.97835,0.97165,0.96836,0.98369,0.87444,0.51645,0.33205,0.92612,0.021981,0.007327,0.021981,0.007327,0.021981,0.007327,0.021981,0.007327
56,116034,0.57989,0.51807,0.98539,0.96602,0.96369,0.98303,0.87514,0.5249,0.34373,0.92459,0.0218325,0.0072775,0.0218325,0.0072775,0.0218325,0.0072775,0.0218325,0.0072775
57,117996,0.57875,0.49765,0.98265,0.97545,0.95904,0.98258,0.87686,0.52318,0.33686,0.92768,0.021684,0.007228,0.021684,0.007228,0.021684,0.007228,0.021684,0.007228
58,119942,0.58109,0.50891,0.98521,0.97676,0.96395,0.98369,0.8699,0.52492,0.33458,0.92089,0.0215355,0.0071785,0.0215355,0.0071785,0.0215355,0.0071785,0.0215355,0.0071785
59,121896,0.57929,0.5068,0.97771,0.96767,0.95943,0.97781,0.86161,0.53742,0.36167,0.93639,0.021387,0.007129,0.021387,0.007129,0.021387,0.007129,0.021387,0.007129
60,123839,0.57282,0.49633,0.97468,0.96892,0.96977,0.98387,0.8776,0.51507,0.32941,0.90953,0.0212385,0.0070795,0.0212385,0.0070795,0.0212385,0.0070795,0.0212385,0.0070795
61,125793,0.58014,0.5029,0.97612,0.96614,0.97271,0.98211,0.8718,0.52587,0.32914,0.93042,0.02109,0.00703,0.02109,0.00703,0.02109,0.00703,0.02109,0.00703
62,127737,0.5753,0.50167,0.97502,0.98112,0.96401,0.98326,0.87374,0.52166,0.33142,0.92681,0.0209415,0.0069805,0.0209415,0.0069805,0.0209415,0.0069805,0.0209415,0.0069805
63,129697,0.57008,0.49109,0.97613,0.96921,0.96939,0.98334,0.87718,0.50545,0.32474,0.91199,0.020793,0.006931,0.020793,0.006931,0.020793,0.006931,0.020793,0.006931
64,131646,0.57034,0.48642,0.97559,0.96387,0.96869,0.98062,0.87506,0.50957,0.32643,0.92235,0.0206445,0.0068815,0.0206445,0.0068815,0.0206445,0.0068815,0.0206445,0.0068815
65,133632,0.5714,0.48899,0.97124,0.96865,0.97281,0.98307,0.8807,0.50189,0.32612,0.90847,0.020496,0.006832,0.020496,0.006832,0.020496,0.006832,0.020496,0.006832
66,135844,0.57128,0.48004,0.9742,0.96581,0.97726,0.98393,0.8775,0.51601,0.31683,0.92274,0.0203475,0.0067825,0.0203475,0.0067825,0.0203475,0.0067825,0.0203475,0.0067825
67,137771,0.55983,0.47422,0.96856,0.97185,0.97157,0.98346,0.87841,0.51054,0.31174,0.91465,0.020199,0.006733,0.020199,0.006733,0.020199,0.006733,0.020199,0.006733
68,139691,0.56626,0.47543,0.97571,0.96862,0.97021,0.98169,0.87876,0.50807,0.31167,0.91282,0.0200505,0.0066835,0.0200505,0.0066835,0.0200505,0.0066835,0.0200505,0.0066835
69,141623,0.55883,0.47448,0.96859,0.9675,0.97099,0.98364,0.8777,0.50111,0.31853,0.90889,0.019902,0.006634,0.019902,0.006634,0.019902,0.006634,0.019902,0.006634
70,143563,0.55599,0.46631,0.96763,0.97049,0.96583,0.98493,0.87927,0.50157,0.31364,0.91276,0.0197535,0.0065845,0.0197535,0.0065845,0.0197535,0.0065845,0.0197535,0.0065845
71,145498,0.56019,0.46011,0.96892,0.96305,0.98101,0.98677,0.87999,0.50145,0.30023,0.90727,0.019605,0.006535,0.019605,0.006535,0.019605,0.006535,0.019605,0.006535
72,147431,0.54788,0.46046,0.9622,0.96613,0.9767,0.98513,0.87966,0.509,0.31428,0.91499,0.0194565,0.0064855,0.0194565,0.0064855,0.0194565,0.0064855,0.0194565,0.0064855
73,149362,0.56098,0.46035,0.97183,0.96304,0.97809,0.98273,0.88056,0.50402,0.3088,0.91286,0.019308,0.006436,0.019308,0.006436,0.019308,0.006436,0.019308,0.006436
74,151313,0.54755,0.45025,0.96678,0.98604,0.96627,0.98301,0.87998,0.50449,0.29916,0.9136,0.0191595,0.0063865,0.0191595,0.0063865,0.0191595,0.0063865,0.0191595,0.0063865
75,153255,0.55788,0.46257,0.96787,0.96972,0.97222,0.98174,0.88247,0.5028,0.30133,0.91113,0.019011,0.006337,0.019011,0.006337,0.019011,0.006337,0.019011,0.006337
76,155188,0.55621,0.45663,0.97204,0.96698,0.97581,0.98251,0.88363,0.49888,0.29685,0.91427,0.0188625,0.0062875,0.0188625,0.0062875,0.0188625,0.0062875,0.0188625,0.0062875
77,157128,0.55419,0.45045,0.96432,0.97798,0.96906,0.98431,0.8869,0.49404,0.29358,0.90705,0.018714,0.006238,0.018714,0.006238,0.018714,0.006238,0.018714,0.006238
78,159681,0.55001,0.45478,0.96273,0.98026,0.96858,0.98372,0.88309,0.49433,0.29475,0.90646,0.0185655,0.0061885,0.0185655,0.0061885,0.0185655,0.0061885,0.0185655,0.0061885
79,161702,0.54254,0.44776,0.95849,0.97731,0.96247,0.98235,0.88573,0.48946,0.30171,0.90394,0.018417,0.006139,0.018417,0.006139,0.018417,0.006139,0.018417,0.006139
80,163639,0.54945,0.45072,0.96549,0.98152,0.96803,0.98249,0.88537,0.49262,0.29058,0.90441,0.0182685,0.0060895,0.0182685,0.0060895,0.0182685,0.0060895,0.0182685,0.0060895
81,165604,0.54179,0.44199,0.961,0.97546,0.9747,0.98568,0.88679,0.48926,0.29178,0.89655,0.01812,0.00604,0.01812,0.00604,0.01812,0.00604,0.01812,0.00604
82,167545,0.54215,0.44202,0.95692,0.98033,0.9709,0.98602,0.8822,0.50106,0.29465,0.90784,0.0179715,0.0059905,0.0179715,0.0059905,0.0179715,0.0059905,0.0179715,0.0059905
83,169496,0.54381,0.4359,0.95893,0.97992,0.9657,0.98121,0.88358,0.50008,0.29714,0.90638,0.017823,0.005941,0.017823,0.005941,0.017823,0.005941,0.017823,0.005941
84,171452,0.54159,0.44265,0.96043,0.97716,0.96302,0.98499,0.88634,0.49303,0.2948,0.90323,0.0176745,0.0058915,0.0176745,0.0058915,0.0176745,0.0058915,0.0176745,0.0058915
85,173475,0.53059,0.42413,0.95598,0.9816,0.96875,0.98583,0.88739,0.48934,0.29221,0.89697,0.017526,0.005842,0.017526,0.005842,0.017526,0.005842,0.017526,0.005842
86,176453,0.53804,0.4358,0.96296,0.98069,0.9732,0.98555,0.88509,0.48836,0.286,0.90344,0.0173775,0.0057925,0.0173775,0.0057925,0.0173775,0.0057925,0.0173775,0.0057925
87,178463,0.5361,0.43503,0.95571,0.98375,0.97037,0.98563,0.88379,0.494,0.2911,0.90733,0.017229,0.005743,0.017229,0.005743,0.017229,0.005743,0.017229,0.005743
88,180442,0.53386,0.42514,0.95872,0.98361,0.97239,0.98507,0.88363,0.49614,0.28316,0.90515,0.0170805,0.0056935,0.0170805,0.0056935,0.0170805,0.0056935,0.0170805,0.0056935
89,182424,0.53213,0.43282,0.95468,0.9803,0.97224,0.9856,0.88425,0.49653,0.28069,0.90303,0.016932,0.005644,0.016932,0.005644,0.016932,0.005644,0.016932,0.005644
90,184407,0.53482,0.42629,0.9591,0.98312,0.96989,0.98598,0.88674,0.49485,0.27792,0.90119,0.0167835,0.0055945,0.0167835,0.0055945,0.0167835,0.0055945,0.0167835,0.0055945
91,186558,0.53623,0.42674,0.96232,0.97599,0.96972,0.98591,0.88696,0.48917,0.28303,0.90008,0.016635,0.005545,0.016635,0.005545,0.016635,0.005545,0.016635,0.005545
92,188599,0.53348,0.4274,0.9606,0.96561,0.97626,0.98413,0.88818,0.49398,0.29152,0.90509,0.0164865,0.0054955,0.0164865,0.0054955,0.0164865,0.0054955,0.0164865,0.0054955
93,190967,0.5295,0.421,0.95403,0.97805,0.96829,0.98379,0.88733,0.48976,0.28959,0.90214,0.016338,0.005446,0.016338,0.005446,0.016338,0.005446,0.016338,0.005446
94,193049,0.53307,0.4179,0.95764,0.97914,0.96916,0.98323,0.89072,0.4819,0.27523,0.89457,0.0161895,0.0053965,0.0161895,0.0053965,0.0161895,0.0053965,0.0161895,0.0053965
95,195025,0.52967,0.41508,0.94814,0.98119,0.9698,0.98638,0.8867,0.48372,0.27705,0.89497,0.016041,0.005347,0.016041,0.005347,0.016041,0.005347,0.016041,0.005347
96,196988,0.52642,0.42084,0.95155,0.98096,0.97021,0.9829,0.8838,0.49438,0.28199,0.90593,0.0158925,0.0052975,0.0158925,0.0052975,0.0158925,0.0052975,0.0158925,0.0052975
97,198984,0.53273,0.41122,0.95763,0.98353,0.97128,0.98649,0.88792,0.4901,0.27656,0.90246,0.015744,0.005248,0.015744,0.005248,0.015744,0.005248,0.015744,0.005248
98,200955,0.53168,0.42226,0.95596,0.98089,0.97474,0.9856,0.88619,0.49058,0.27408,0.90543,0.0155955,0.0051985,0.0155955,0.0051985,0.0155955,0.0051985,0.0155955,0.0051985
99,202959,0.52882,0.4112,0.95678,0.98022,0.97261,0.98679,0.88754,0.48407,0.27273,0.89941,0.015447,0.005149,0.015447,0.005149,0.015447,0.005149,0.015447,0.005149
100,204948,0.52124,0.40611,0.94808,0.97332,0.98179,0.98513,0.88908,0.47951,0.27336,0.9008,0.0152985,0.0050995,0.0152985,0.0050995,0.0152985,0.0050995,0.0152985,0.0050995
101,206926,0.52052,0.41495,0.94823,0.97571,0.97194,0.98355,0.88621,0.48407,0.28034,0.90408,0.01515,0.00505,0.01515,0.00505,0.01515,0.00505,0.01515,0.00505
102,208889,0.52398,0.40208,0.95113,0.97962,0.96706,0.98545,0.88888,0.48701,0.27534,0.90859,0.0150015,0.0050005,0.0150015,0.0050005,0.0150015,0.0050005,0.0150015,0.0050005
103,210868,0.52383,0.40484,0.95295,0.97999,0.97013,0.98357,0.88784,0.48048,0.27753,0.89835,0.014853,0.004951,0.014853,0.004951,0.014853,0.004951,0.014853,0.004951
104,212844,0.51036,0.39634,0.94799,0.97877,0.97549,0.98305,0.88941,0.48506,0.27449,0.90297,0.0147045,0.0049015,0.0147045,0.0049015,0.0147045,0.0049015,0.0147045,0.0049015
105,214815,0.51979,0.40123,0.95161,0.97552,0.97349,0.98383,0.89117,0.48269,0.2745,0.90277,0.014556,0.004852,0.014556,0.004852,0.014556,0.004852,0.014556,0.004852
106,216802,0.51098,0.40269,0.94511,0.98077,0.97249,0.98461,0.88984,0.48377,0.27573,0.89951,0.0144075,0.0048025,0.0144075,0.0048025,0.0144075,0.0048025,0.0144075,0.0048025
107,218794,0.51884,0.39951,0.95023,0.98318,0.97656,0.98541,0.88732,0.48736,0.27471,0.90328,0.014259,0.004753,0.014259,0.004753,0.014259,0.004753,0.014259,0.004753
108,220807,0.51686,0.39751,0.94963,0.9791,0.96824,0.98319,0.88822,0.48485,0.27547,0.90058,0.0141105,0.0047035,0.0141105,0.0047035,0.0141105,0.0047035,0.0141105,0.0047035
109,222786,0.51198,0.39233,0.94356,0.98022,0.9732,0.98275,0.88989,0.48471,0.26915,0.90226,0.013962,0.004654,0.013962,0.004654,0.013962,0.004654,0.013962,0.004654
110,224762,0.51264,0.39468,0.94802,0.97028,0.97474,0.98449,0.89102,0.47922,0.26936,0.89333,0.0138135,0.0046045,0.0138135,0.0046045,0.0138135,0.0046045,0.0138135,0.0046045
111,226754,0.51596,0.39535,0.94917,0.96704,0.9789,0.98439,0.88893,0.47818,0.26457,0.89382,0.013665,0.004555,0.013665,0.004555,0.013665,0.004555,0.013665,0.004555
112,228733,0.52134,0.39437,0.94957,0.96808,0.97873,0.98249,0.89068,0.47788,0.26403,0.895,0.0135165,0.0045055,0.0135165,0.0045055,0.0135165,0.0045055,0.0135165,0.0045055
113,230699,0.51036,0.39045,0.94373,0.97265,0.97818,0.98447,0.89258,0.47741,0.26056,0.89599,0.013368,0.004456,0.013368,0.004456,0.013368,0.004456,0.013368,0.004456
114,232735,0.51202,0.38961,0.94697,0.98366,0.96703,0.98193,0.89153,0.47982,0.26092,0.89826,0.0132195,0.0044065,0.0132195,0.0044065,0.0132195,0.0044065,0.0132195,0.0044065
115,234761,0.50867,0.38856,0.94759,0.98444,0.96503,0.97938,0.88836,0.48243,0.26613,0.90127,0.013071,0.004357,0.013071,0.004357,0.013071,0.004357,0.013071,0.004357
116,236757,0.5078,0.3838,0.94544,0.97549,0.97339,0.98387,0.88965,0.48061,0.26689,0.90165,0.0129225,0.0043075,0.0129225,0.0043075,0.0129225,0.0043075,0.0129225,0.0043075
117,238780,0.50779,0.38081,0.94409,0.97469,0.98042,0.98563,0.89196,0.47027,0.25875,0.89035,0.012774,0.004258,0.012774,0.004258,0.012774,0.004258,0.012774,0.004258
118,240784,0.50884,0.38624,0.94372,0.97873,0.97884,0.98636,0.89054,0.47656,0.26143,0.89534,0.0126255,0.0042085,0.0126255,0.0042085,0.0126255,0.0042085,0.0126255,0.0042085
119,242769,0.50371,0.38137,0.94456,0.98057,0.97784,0.98386,0.88883,0.48048,0.25753,0.89956,0.012477,0.004159,0.012477,0.004159,0.012477,0.004159,0.012477,0.004159
120,244767,0.49569,0.37432,0.94249,0.98188,0.97794,0.98532,0.89056,0.47805,0.25661,0.89636,0.0123285,0.0041095,0.0123285,0.0041095,0.0123285,0.0041095,0.0123285,0.0041095
121,246743,0.50317,0.37967,0.94107,0.98403,0.98069,0.98655,0.89434,0.47496,0.25397,0.89215,0.01218,0.00406,0.01218,0.00406,0.01218,0.00406,0.01218,0.00406
122,248724,0.5026,0.37079,0.94304,0.98849,0.97114,0.98492,0.89406,0.4732,0.25573,0.89029,0.0120315,0.0040105,0.0120315,0.0040105,0.0120315,0.0040105,0.0120315,0.0040105
123,250758,0.4997,0.36834,0.94182,0.98505,0.97182,0.98492,0.8937,0.47334,0.25794,0.89421,0.011883,0.003961,0.011883,0.003961,0.011883,0.003961,0.011883,0.003961
124,252741,0.50506,0.38079,0.94184,0.98244,0.96894,0.9863,0.89346,0.47117,0.25683,0.89002,0.0117345,0.0039115,0.0117345,0.0039115,0.0117345,0.0039115,0.0117345,0.0039115
125,254704,0.50328,0.36315,0.94051,0.98247,0.97425,0.98624,0.89435,0.47014,0.25268,0.88932,0.011586,0.003862,0.011586,0.003862,0.011586,0.003862,0.011586,0.003862
126,256670,0.4983,0.37235,0.94323,0.98078,0.97478,0.98338,0.89354,0.47412,0.25597,0.89186,0.0114375,0.0038125,0.0114375,0.0038125,0.0114375,0.0038125,0.0114375,0.0038125
127,258653,0.50051,0.36719,0.94375,0.98213,0.97708,0.98654,0.89196,0.46743,0.25122,0.88559,0.011289,0.003763,0.011289,0.003763,0.011289,0.003763,0.011289,0.003763
128,260596,0.49453,0.36324,0.9396,0.9826,0.97736,0.98716,0.89649,0.46567,0.25159,0.88446,0.0111405,0.0037135,0.0111405,0.0037135,0.0111405,0.0037135,0.0111405,0.0037135
129,262542,0.49135,0.3676,0.93964,0.98148,0.97588,0.98685,0.89664,0.46789,0.25101,0.88776,0.010992,0.003664,0.010992,0.003664,0.010992,0.003664,0.010992,0.003664
130,264549,0.49865,0.35501,0.93847,0.98209,0.97811,0.98575,0.89673,0.47339,0.24971,0.89437,0.0108435,0.0036145,0.0108435,0.0036145,0.0108435,0.0036145,0.0108435,0.0036145
131,267760,0.49775,0.36287,0.93301,0.98396,0.97672,0.98611,0.89586,0.47202,0.25094,0.89378,0.010695,0.003565,0.010695,0.003565,0.010695,0.003565,0.010695,0.003565
132,270099,0.48095,0.35488,0.93196,0.97717,0.98131,0.98647,0.89457,0.47033,0.25057,0.89107,0.0105465,0.0035155,0.0105465,0.0035155,0.0105465,0.0035155,0.0105465,0.0035155
133,272054,0.48892,0.35985,0.93279,0.97832,0.9788,0.9864,0.89376,0.46797,0.25065,0.88343,0.010398,0.003466,0.010398,0.003466,0.010398,0.003466,0.010398,0.003466
134,274014,0.49117,0.35034,0.93321,0.97922,0.97729,0.98602,0.8939,0.47033,0.25032,0.88563,0.0102495,0.0034165,0.0102495,0.0034165,0.0102495,0.0034165,0.0102495,0.0034165
135,275969,0.48753,0.36009,0.93463,0.97867,0.97992,0.98608,0.89314,0.47302,0.2507,0.88965,0.010101,0.003367,0.010101,0.003367,0.010101,0.003367,0.010101,0.003367
136,277920,0.4884,0.36065,0.93078,0.98307,0.97469,0.98538,0.89182,0.47606,0.25041,0.89447,0.0099525,0.0033175,0.0099525,0.0033175,0.0099525,0.0033175,0.0099525,0.0033175
137,279907,0.4848,0.35157,0.93201,0.98131,0.97465,0.98434,0.89349,0.47912,0.25077,0.89738,0.009804,0.003268,0.009804,0.003268,0.009804,0.003268,0.009804,0.003268
138,281879,0.48078,0.35276,0.9272,0.98044,0.97521,0.98436,0.89346,0.47625,0.25012,0.89667,0.0096555,0.0032185,0.0096555,0.0032185,0.0096555,0.0032185,0.0096555,0.0032185
139,283832,0.48692,0.35424,0.93667,0.98089,0.97613,0.98535,0.89353,0.47313,0.24712,0.89637,0.009507,0.003169,0.009507,0.003169,0.009507,0.003169,0.009507,0.003169
140,285782,0.48598,0.34397,0.93114,0.9803,0.97568,0.98518,0.89329,0.47082,0.24848,0.8936,0.0093585,0.0031195,0.0093585,0.0031195,0.0093585,0.0031195,0.0093585,0.0031195
141,287739,0.48061,0.34466,0.93074,0.97603,0.97988,0.98514,0.89318,0.46946,0.24879,0.89167,0.00921,0.00307,0.00921,0.00307,0.00921,0.00307,0.00921,0.00307
142,289685,0.48753,0.34624,0.93087,0.98514,0.97374,0.98471,0.89164,0.4709,0.24848,0.89354,0.0090615,0.0030205,0.0090615,0.0030205,0.0090615,0.0030205,0.0090615,0.0030205
143,291641,0.48702,0.34386,0.93021,0.98588,0.97479,0.98565,0.8933,0.46949,0.24611,0.89355,0.008913,0.002971,0.008913,0.002971,0.008913,0.002971,0.008913,0.002971
144,293596,0.48223,0.35257,0.93287,0.98331,0.97639,0.98436,0.88987,0.47065,0.243,0.89234,0.0087645,0.0029215,0.0087645,0.0029215,0.0087645,0.0029215,0.0087645,0.0029215
145,295597,0.47476,0.33805,0.92948,0.98319,0.97911,0.98508,0.89078,0.47041,0.24328,0.8929,0.008616,0.002872,0.008616,0.002872,0.008616,0.002872,0.008616,0.002872
146,297549,0.47696,0.34127,0.93004,0.97697,0.98522,0.98606,0.89317,0.47188,0.24227,0.89477,0.0084675,0.0028225,0.0084675,0.0028225,0.0084675,0.0028225,0.0084675,0.0028225
147,299498,0.48081,0.34735,0.92969,0.97912,0.98291,0.98647,0.8936,0.47219,0.24265,0.89489,0.008319,0.002773,0.008319,0.002773,0.008319,0.002773,0.008319,0.002773
148,301458,0.47735,0.33904,0.92905,0.97783,0.98439,0.98625,0.89319,0.47199,0.24212,0.89516,0.0081705,0.0027235,0.0081705,0.0027235,0.0081705,0.0027235,0.0081705,0.0027235
149,303411,0.47614,0.34588,0.92721,0.97673,0.98532,0.98565,0.89472,0.47221,0.24274,0.89565,0.008022,0.002674,0.008022,0.002674,0.008022,0.002674,0.008022,0.002674
150,305392,0.47371,0.33663,0.92937,0.97834,0.97784,0.98614,0.89559,0.46909,0.24606,0.89149,0.0078735,0.0026245,0.0078735,0.0026245,0.0078735,0.0026245,0.0078735,0.0026245
151,307380,0.47684,0.33748,0.92767,0.97824,0.97862,0.98545,0.89449,0.47119,0.24443,0.89408,0.007725,0.002575,0.007725,0.002575,0.007725,0.002575,0.007725,0.002575
152,309336,0.47184,0.33527,0.92518,0.97856,0.97841,0.98487,0.89277,0.47343,0.24587,0.89592,0.0075765,0.0025255,0.0075765,0.0025255,0.0075765,0.0025255,0.0075765,0.0025255
153,311288,0.46934,0.33375,0.92513,0.97852,0.97797,0.98526,0.89349,0.47252,0.24639,0.89671,0.007428,0.002476,0.007428,0.002476,0.007428,0.002476,0.007428,0.002476
154,313237,0.46727,0.32832,0.92137,0.97699,0.98048,0.98557,0.89371,0.47216,0.24665,0.89414,0.0072795,0.0024265,0.0072795,0.0024265,0.0072795,0.0024265,0.0072795,0.0024265
155,315193,0.47122,0.33297,0.92545,0.97643,0.98267,0.98607,0.8929,0.47167,0.24502,0.89307,0.007131,0.002377,0.007131,0.002377,0.007131,0.002377,0.007131,0.002377
156,317143,0.46035,0.31814,0.92311,0.97549,0.98182,0.98611,0.89262,0.47142,0.24741,0.89278,0.0069825,0.0023275,0.0069825,0.0023275,0.0069825,0.0023275,0.0069825,0.0023275
157,319091,0.46973,0.33551,0.92943,0.9781,0.97878,0.98552,0.89157,0.47076,0.24683,0.89201,0.006834,0.002278,0.006834,0.002278,0.006834,0.002278,0.006834,0.002278
158,321055,0.46266,0.32756,0.92423,0.98006,0.97885,0.98451,0.89231,0.47009,0.24605,0.89139,0.0066855,0.0022285,0.0066855,0.0022285,0.0066855,0.0022285,0.0066855,0.0022285
159,323004,0.46377,0.32426,0.92507,0.98077,0.97782,0.98462,0.89372,0.47239,0.24555,0.89355,0.006537,0.002179,0.006537,0.002179,0.006537,0.002179,0.006537,0.002179
160,324942,0.46689,0.31717,0.92683,0.9816,0.9776,0.9848,0.89373,0.47266,0.24411,0.89451,0.0063885,0.0021295,0.0063885,0.0021295,0.0063885,0.0021295,0.0063885,0.0021295
161,326893,0.46592,0.32389,0.92514,0.98072,0.97902,0.98403,0.8933,0.47236,0.24627,0.8941,0.00624,0.00208,0.00624,0.00208,0.00624,0.00208,0.00624,0.00208
162,328835,0.46875,0.32813,0.92452,0.98078,0.97829,0.98397,0.89336,0.47193,0.24771,0.89291,0.0060915,0.0020305,0.0060915,0.0020305,0.0060915,0.0020305,0.0060915,0.0020305
163,330788,0.46287,0.32951,0.92487,0.97981,0.97814,0.98467,0.89262,0.46879,0.24542,0.88993,0.005943,0.001981,0.005943,0.001981,0.005943,0.001981,0.005943,0.001981
164,332735,0.45608,0.31732,0.91675,0.98019,0.97778,0.98567,0.89318,0.46761,0.24584,0.88875,0.0057945,0.0019315,0.0057945,0.0019315,0.0057945,0.0019315,0.0057945,0.0019315
165,334671,0.45953,0.31365,0.92104,0.97985,0.97859,0.98592,0.8933,0.46699,0.24392,0.88875,0.005646,0.001882,0.005646,0.001882,0.005646,0.001882,0.005646,0.001882
166,336617,0.46133,0.3196,0.91964,0.97956,0.97878,0.98686,0.89453,0.46722,0.2448,0.88887,0.0054975,0.0018325,0.0054975,0.0018325,0.0054975,0.0018325,0.0054975,0.0018325
167,338604,0.45242,0.31293,0.91692,0.97896,0.97886,0.9865,0.89461,0.46527,0.2431,0.8878,0.005349,0.001783,0.005349,0.001783,0.005349,0.001783,0.005349,0.001783
168,340560,0.45948,0.31031,0.92016,0.97913,0.97924,0.98463,0.89392,0.46578,0.24117,0.889,0.0052005,0.0017335,0.0052005,0.0017335,0.0052005,0.0017335,0.0052005,0.0017335
169,342497,0.45494,0.31083,0.92257,0.9782,0.97883,0.9834,0.89395,0.46491,0.24191,0.88914,0.005052,0.001684,0.005052,0.001684,0.005052,0.001684,0.005052,0.001684
170,344436,0.45281,0.31565,0.918,0.97797,0.97778,0.98157,0.8941,0.46509,0.24125,0.88957,0.0049035,0.0016345,0.0049035,0.0016345,0.0049035,0.0016345,0.0049035,0.0016345
171,346376,0.45369,0.31465,0.92372,0.97856,0.97763,0.98238,0.89441,0.46536,0.24108,0.89094,0.004755,0.001585,0.004755,0.001585,0.004755,0.001585,0.004755,0.001585
172,348324,0.44884,0.30807,0.92088,0.98175,0.97451,0.98228,0.8938,0.46496,0.24315,0.89075,0.0046065,0.0015355,0.0046065,0.0015355,0.0046065,0.0015355,0.0046065,0.0015355
173,350277,0.45115,0.30183,0.91911,0.98155,0.97427,0.98158,0.89476,0.46472,0.24185,0.89094,0.004458,0.001486,0.004458,0.001486,0.004458,0.001486,0.004458,0.001486
174,352238,0.44789,0.30188,0.91983,0.9823,0.9744,0.98277,0.89404,0.46401,0.24135,0.89014,0.0043095,0.0014365,0.0043095,0.0014365,0.0043095,0.0014365,0.0043095,0.0014365
175,354191,0.4492,0.31324,0.91882,0.97878,0.97853,0.98248,0.89534,0.46414,0.24203,0.88991,0.004161,0.001387,0.004161,0.001387,0.004161,0.001387,0.004161,0.001387
176,356132,0.45414,0.30255,0.91982,0.98236,0.97512,0.98252,0.89513,0.46418,0.2423,0.88985,0.0040125,0.0013375,0.0040125,0.0013375,0.0040125,0.0013375,0.0040125,0.0013375
177,358079,0.44528,0.29373,0.91331,0.98301,0.97424,0.98264,0.89464,0.46388,0.24225,0.88959,0.003864,0.001288,0.003864,0.001288,0.003864,0.001288,0.003864,0.001288
178,360040,0.44885,0.30281,0.92176,0.98221,0.97417,0.98358,0.89582,0.46329,0.24193,0.88997,0.0037155,0.0012385,0.0037155,0.0012385,0.0037155,0.0012385,0.0037155,0.0012385
179,361997,0.44508,0.30206,0.92047,0.98227,0.97426,0.98282,0.8952,0.46274,0.24269,0.88967,0.003567,0.001189,0.003567,0.001189,0.003567,0.001189,0.003567,0.001189
180,363943,0.43965,0.29718,0.9133,0.98121,0.97527,0.98483,0.89561,0.4624,0.24189,0.88904,0.0034185,0.0011395,0.0034185,0.0011395,0.0034185,0.0011395,0.0034185,0.0011395
181,365888,0.43756,0.29075,0.91368,0.98093,0.97531,0.98539,0.89649,0.46162,0.24219,0.88797,0.00327,0.00109,0.00327,0.00109,0.00327,0.00109,0.00327,0.00109
182,367848,0.43868,0.29747,0.91374,0.98147,0.97528,0.98544,0.89657,0.46138,0.24242,0.88752,0.0031215,0.0010405,0.0031215,0.0010405,0.0031215,0.0010405,0.0031215,0.0010405
183,369789,0.44051,0.29373,0.9127,0.98034,0.97528,0.98484,0.89586,0.46149,0.24185,0.88757,0.002973,0.000991,0.002973,0.000991,0.002973,0.000991,0.002973,0.000991
184,371732,0.44037,0.29623,0.91344,0.98147,0.97527,0.98551,0.89561,0.46081,0.24025,0.88725,0.0028245,0.0009415,0.0028245,0.0009415,0.0028245,0.0009415,0.0028245,0.0009415
185,373710,0.43066,0.2908,0.91259,0.98065,0.9753,0.98546,0.89493,0.46048,0.23986,0.88728,0.002676,0.000892,0.002676,0.000892,0.002676,0.000892,0.002676,0.000892
186,375670,0.43095,0.2827,0.9106,0.98072,0.97529,0.98593,0.89554,0.46056,0.23911,0.88735,0.0025275,0.0008425,0.0025275,0.0008425,0.0025275,0.0008425,0.0025275,0.0008425
187,377617,0.43234,0.29026,0.91406,0.98092,0.97503,0.98595,0.89559,0.45983,0.23829,0.88671,0.002379,0.000793,0.002379,0.000793,0.002379,0.000793,0.002379,0.000793
188,379564,0.43194,0.28986,0.9131,0.98106,0.97421,0.98598,0.89644,0.45982,0.23807,0.88676,0.0022305,0.0007435,0.0022305,0.0007435,0.0022305,0.0007435,0.0022305,0.0007435
189,381513,0.43598,0.28773,0.91335,0.982,0.97382,0.98615,0.89625,0.45957,0.23816,0.88691,0.002082,0.000694,0.002082,0.000694,0.002082,0.000694,0.002082,0.000694
190,383449,0.43847,0.29725,0.91763,0.9842,0.97184,0.98601,0.89669,0.45927,0.23807,0.88662,0.0019335,0.0006445,0.0019335,0.0006445,0.0019335,0.0006445,0.0019335,0.0006445
191,385425,0.38658,0.21703,0.86643,0.98441,0.97165,0.98487,0.89635,0.45847,0.23862,0.8861,0.001785,0.000595,0.001785,0.000595,0.001785,0.000595,0.001785,0.000595
192,387361,0.38048,0.21196,0.85787,0.98482,0.97176,0.98492,0.89616,0.45767,0.24011,0.88529,0.0016365,0.0005455,0.0016365,0.0005455,0.0016365,0.0005455,0.0016365,0.0005455
193,389286,0.37952,0.2084,0.86056,0.98493,0.97165,0.98465,0.89643,0.45856,0.24078,0.88597,0.001488,0.000496,0.001488,0.000496,0.001488,0.000496,0.001488,0.000496
194,391219,0.37649,0.20792,0.86078,0.9848,0.97149,0.98461,0.89726,0.45889,0.24142,0.88629,0.0013395,0.0004465,0.0013395,0.0004465,0.0013395,0.0004465,0.0013395,0.0004465
195,393152,0.37537,0.20378,0.85621,0.98353,0.97128,0.98427,0.89746,0.45852,0.24166,0.88614,0.001191,0.000397,0.001191,0.000397,0.001191,0.000397,0.001191,0.000397
196,395091,0.37414,0.20189,0.8588,0.98366,0.97166,0.98423,0.89677,0.45866,0.24176,0.88646,0.0010425,0.0003475,0.0010425,0.0003475,0.0010425,0.0003475,0.0010425,0.0003475
197,397017,0.37174,0.20337,0.86137,0.97169,0.98247,0.9842,0.89705,0.45875,0.24256,0.8866,0.000894,0.000298,0.000894,0.000298,0.000894,0.000298,0.000894,0.000298
198,398950,0.36962,0.19969,0.85891,0.97175,0.98229,0.98417,0.89635,0.45879,0.24242,0.88678,0.0007455,0.0002485,0.0007455,0.0002485,0.0007455,0.0002485,0.0007455,0.0002485
199,400880,0.36906,0.19902,0.85811,0.97287,0.98036,0.9838,0.89578,0.45858,0.24205,0.88682,0.000597,0.000199,0.000597,0.000199,0.000597,0.000199,0.000597,0.000199
200,402812,0.36898,0.19617,0.85371,0.97278,0.98224,0.9838,0.89582,0.45846,0.2418,0.88688,0.0004485,0.0001495,0.0004485,0.0001495,0.0004485,0.0001495,0.0004485,0.0001495
